<?xml version="1.0" encoding="utf-8"?>
<ImportExportXml xmlns:xsi="http://www.w3.org/2001/XMLSchema-instance">
  <Entities>
    <Entity>
      <MetadataId>{f13a7b8e-1c8d-4d3d-9a2b-0a1f2c3b4d5e}</MetadataId>
      <LogicalName>hso_project</LogicalName>
      <DisplayName>Project</DisplayName>
      <PluralName>Projects</PluralName>
      <SchemaName>hso_project</SchemaName>
      <ObjectTypeCode>10000</ObjectTypeCode>
      <OwnershipType>UserOwned</OwnershipType>
      <Attributes>
        <Attribute Type="Uniqueidentifier">
          <LogicalName>hso_projectid</LogicalName>
          <DisplayName>Project Id</DisplayName>
          <IsPrimaryId>true</IsPrimaryId>
        </Attribute>
        <Attribute Type="String">
          <LogicalName>hso_name</LogicalName>
          <DisplayName>Name</DisplayName>
          <MaxLength>200</MaxLength>
          <RequiredLevel>ApplicationRequired</RequiredLevel>
        </Attribute>
        <Attribute Type="String">
          <LogicalName>hso_projectnumber</LogicalName>
          <DisplayName>Project Number</DisplayName>
          <MaxLength>50</MaxLength>
        </Attribute>
        <Attribute Type="Picklist">
          <LogicalName>hso_projecttype</LogicalName>
          <DisplayName>Project Type</DisplayName>
          <OptionSet>
            <Option Value="100000000">Internal</Option>
            <Option Value="100000001">Customer</Option>
            <Option Value="100000002">R&amp;D</Option>
            <Option Value="100000003">Operational</Option>
          </OptionSet>
        </Attribute>
        <Attribute Type="Lookup">
          <LogicalName>hso_managerid</LogicalName>
          <DisplayName>Project Manager</DisplayName>
          <Targets>systemuser</Targets>
        </Attribute>
        <Attribute Type="DateTime">
          <LogicalName>hso_startdate</LogicalName>
          <DisplayName>Start Date</DisplayName>
          <DateTimeBehavior>UserLocal</DateTimeBehavior>
        </Attribute>
        <Attribute Type="DateTime">
          <LogicalName>hso_enddate</LogicalName>
          <DisplayName>End Date</DisplayName>
          <DateTimeBehavior>UserLocal</DateTimeBehavior>
        </Attribute>
        <Attribute Type="Picklist">
          <LogicalName>hso_status</LogicalName>
          <DisplayName>Status</DisplayName>
          <OptionSet>
            <Option Value="100000000">Proposed</Option>
            <Option Value="100000001">Active</Option>
            <Option Value="100000002">On Hold</Option>
            <Option Value="100000003">Completed</Option>
            <Option Value="100000004">Cancelled</Option>
          </OptionSet>
        </Attribute>
        <Attribute Type="Decimal">
          <LogicalName>hso_percentcomplete</LogicalName>
          <DisplayName>Percent Complete</DisplayName>
          <Precision>2</Precision>
        </Attribute>
      </Attributes>
    </Entity>
    <Entity>
      <MetadataId>{a2b3c4d5-e6f7-4812-9abc-0d1e2f3a4b5c}</MetadataId>
      <LogicalName>hso_task</LogicalName>
      <DisplayName>Task</DisplayName>
      <PluralName>Tasks</PluralName>
      <SchemaName>hso_task</SchemaName>
      <ObjectTypeCode>10001</ObjectTypeCode>
      <OwnershipType>UserOwned</OwnershipType>
      <Attributes>
        <Attribute Type="Uniqueidentifier">
          <LogicalName>hso_taskid</LogicalName>
          <DisplayName>Task Id</DisplayName>
          <IsPrimaryId>true</IsPrimaryId>
        </Attribute>
        <Attribute Type="Lookup">
          <LogicalName>hso_projectid</LogicalName>
          <DisplayName>Project</DisplayName>
          <RequiredLevel>ApplicationRequired</RequiredLevel>
          <Targets>hso_project</Targets>
        </Attribute>
        <Attribute Type="Lookup">
          <LogicalName>hso_parenttaskid</LogicalName>
          <DisplayName>Parent Task</DisplayName>
          <Targets>hso_task</Targets>
        </Attribute>
        <Attribute Type="String">
          <LogicalName>hso_title</LogicalName>
          <DisplayName>Title</DisplayName>
          <MaxLength>250</MaxLength>
        </Attribute>
        <Attribute Type="Lookup">
          <LogicalName>hso_ownerid</LogicalName>
          <DisplayName>Owner</DisplayName>
          <Targets>systemuser</Targets>
        </Attribute>
        <Attribute Type="Decimal">
          <LogicalName>hso_efforthours</LogicalName>
          <DisplayName>Effort (hours)</DisplayName>
          <Precision>2</Precision>
        </Attribute>
        <Attribute Type="Picklist">
          <LogicalName>hso_status</LogicalName>
          <DisplayName>Status</DisplayName>
          <OptionSet>
            <Option Value="100000000">Not Started</Option>
            <Option Value="100000001">In Progress</Option>
            <Option Value="100000002">Blocked</Option>
            <Option Value="100000003">Complete</Option>
          </OptionSet>
        </Attribute>
      </Attributes>
    </Entity>
    <Entity>
      <MetadataId>{b4c3d2e1-f0a9-482a-8c7b-1e2d3c4b5a6f}</MetadataId>
      <LogicalName>hso_milestone</LogicalName>
      <DisplayName>Milestone</DisplayName>
      <PluralName>Milestones</PluralName>
      <SchemaName>hso_milestone</SchemaName>
      <ObjectTypeCode>10002</ObjectTypeCode>
      <OwnershipType>UserOwned</OwnershipType>
      <Attributes>
        <Attribute Type="Uniqueidentifier">
          <LogicalName>hso_milestoneid</LogicalName>
          <DisplayName>Milestone Id</DisplayName>
          <IsPrimaryId>true</IsPrimaryId>
        </Attribute>
        <Attribute Type="Lookup">
          <LogicalName>hso_projectid</LogicalName>
          <DisplayName>Project</DisplayName>
          <RequiredLevel>ApplicationRequired</RequiredLevel>
          <Targets>hso_project</Targets>
        </Attribute>
        <Attribute Type="String">
          <LogicalName>hso_name</LogicalName>
          <DisplayName>Name</DisplayName>
          <MaxLength>200</MaxLength>
        </Attribute>
        <Attribute Type="DateTime">
          <LogicalName>hso_duedate</LogicalName>
          <DisplayName>Due Date</DisplayName>
          <DateTimeBehavior>UserLocal</DateTimeBehavior>
        </Attribute>
        <Attribute Type="Picklist">
          <LogicalName>hso_status</LogicalName>
          <DisplayName>Status</DisplayName>
          <OptionSet>
            <Option Value="100000000">Planned</Option>
            <Option Value="100000001">At Risk</Option>
            <Option Value="100000002">Achieved</Option>
            <Option Value="100000003">Missed</Option>
          </OptionSet>
        </Attribute>
      </Attributes>
    </Entity>
    <Entity>
      <MetadataId>{d6e7f812-3456-4bcd-8ef0-1a2b3c4d5e6f}</MetadataId>
      <LogicalName>hso_cost</LogicalName>
      <DisplayName>Cost</DisplayName>
      <PluralName>Costs</PluralName>
      <SchemaName>hso_cost</SchemaName>
      <ObjectTypeCode>10003</ObjectTypeCode>
      <OwnershipType>UserOwned</OwnershipType>
      <Attributes>
        <Attribute Type="Uniqueidentifier">
          <LogicalName>hso_costid</LogicalName>
          <DisplayName>Cost Id</DisplayName>
          <IsPrimaryId>true</IsPrimaryId>
        </Attribute>
        <Attribute Type="Lookup">
          <LogicalName>hso_projectid</LogicalName>
          <DisplayName>Project</DisplayName>
          <RequiredLevel>ApplicationRequired</RequiredLevel>
          <Targets>hso_project</Targets>
        </Attribute>
        <Attribute Type="Money">
          <LogicalName>hso_amount</LogicalName>
          <DisplayName>Amount</DisplayName>
          <Precision>2</Precision>
        </Attribute>
        <Attribute Type="Picklist">
          <LogicalName>hso_costtype</LogicalName>
          <DisplayName>Cost Type</DisplayName>
          <OptionSet>
            <Option Value="100000000">Labor</Option>
            <Option Value="100000001">Material</Option>
            <Option Value="100000002">Travel</Option>
            <Option Value="100000003">Other</Option>
          </OptionSet>
        </Attribute>
        <Attribute Type="DateTime">
          <LogicalName>hso_incurreddate</LogicalName>
          <DisplayName>Incurred Date</DisplayName>
          <DateTimeBehavior>UserLocal</DateTimeBehavior>
        </Attribute>
      </Attributes>
    </Entity>
    <Entity>
      <MetadataId>{e7f81234-5678-4cde-9f01-2b3c4d5e6f70}</MetadataId>
      <LogicalName>hso_budget</LogicalName>
      <DisplayName>Budget</DisplayName>
      <PluralName>Budgets</PluralName>
      <SchemaName>hso_budget</SchemaName>
      <ObjectTypeCode>10004</ObjectTypeCode>
      <OwnershipType>UserOwned</OwnershipType>
      <Attributes>
        <Attribute Type="Uniqueidentifier">
          <LogicalName>hso_budgetid</LogicalName>
          <DisplayName>Budget Id</DisplayName>
          <IsPrimaryId>true</IsPrimaryId>
        </Attribute>
        <Attribute Type="Lookup">
          <LogicalName>hso_projectid</LogicalName>
          <DisplayName>Project</DisplayName>
          <RequiredLevel>ApplicationRequired</RequiredLevel>
          <Targets>hso_project</Targets>
        </Attribute>
        <Attribute Type="DateTime">
          <LogicalName>hso_periodstart</LogicalName>
          <DisplayName>Period Start</DisplayName>
          <DateTimeBehavior>UserLocal</DateTimeBehavior>
        </Attribute>
        <Attribute Type="DateTime">
          <LogicalName>hso_periodend</LogicalName>
          <DisplayName>Period End</DisplayName>
          <DateTimeBehavior>UserLocal</DateTimeBehavior>
        </Attribute>
        <Attribute Type="Money">
          <LogicalName>hso_amount</LogicalName>
          <DisplayName>Amount</DisplayName>
          <Precision>2</Precision>
        </Attribute>
        <Attribute Type="Picklist">
          <LogicalName>hso_type</LogicalName>
          <DisplayName>Budget Type</DisplayName>
          <OptionSet>
            <Option Value="100000000">Planned</Option>
            <Option Value="100000001">Revised</Option>
            <Option Value="100000002">Forecast</Option>
          </OptionSet>
        </Attribute>
      </Attributes>
    </Entity>
    <Entity>
      <MetadataId>{f8123456-7890-4def-8abc-3c4d5e6f7081}</MetadataId>
      <LogicalName>hso_risk</LogicalName>
      <DisplayName>Risk / Issue</DisplayName>
      <PluralName>Risks</PluralName>
      <SchemaName>hso_risk</SchemaName>
      <ObjectTypeCode>10005</ObjectTypeCode>
      <OwnershipType>UserOwned</OwnershipType>
      <Attributes>
        <Attribute Type="Uniqueidentifier">
          <LogicalName>hso_riskid</LogicalName>
          <DisplayName>Risk Id</DisplayName>
          <IsPrimaryId>true</IsPrimaryId>
        </Attribute>
        <Attribute Type="Lookup">
          <LogicalName>hso_projectid</LogicalName>
          <DisplayName>Project</DisplayName>
          <RequiredLevel>ApplicationRequired</RequiredLevel>
          <Targets>hso_project</Targets>
        </Attribute>
        <Attribute Type="String">
          <LogicalName>hso_title</LogicalName>
          <DisplayName>Title</DisplayName>
          <MaxLength>250</MaxLength>
        </Attribute>
        <Attribute Type="Picklist">
          <LogicalName>hso_severity</LogicalName>
          <DisplayName>Severity</DisplayName>
          <OptionSet>
            <Option Value="100000000">Low</Option>
            <Option Value="100000001">Medium</Option>
            <Option Value="100000002">High</Option>
            <Option Value="100000003">Critical</Option>
          </OptionSet>
        </Attribute>
        <Attribute Type="Picklist">
          <LogicalName>hso_status</LogicalName>
          <DisplayName>Status</DisplayName>
          <OptionSet>
            <Option Value="100000000">Open</Option>
            <Option Value="100000001">Mitigating</Option>
            <Option Value="100000002">Closed</Option>
          </OptionSet>
        </Attribute>
        <Attribute Type="Lookup">
          <LogicalName>hso_ownerid</LogicalName>
          <DisplayName>Owner</DisplayName>
          <Targets>systemuser</Targets>
        </Attribute>
      </Attributes>
    </Entity>
    <Entity>
      <MetadataId>{089abcdef-0123-4abc-9def-4d5e6f708192}</MetadataId>
      <LogicalName>hso_statusupdate</LogicalName>
      <DisplayName>Status Update</DisplayName>
      <PluralName>Status Updates</PluralName>
      <SchemaName>hso_statusupdate</SchemaName>
      <ObjectTypeCode>10006</ObjectTypeCode>
      <OwnershipType>UserOwned</OwnershipType>
      <Attributes>
        <Attribute Type="Uniqueidentifier">
          <LogicalName>hso_statusupdateid</LogicalName>
          <DisplayName>Status Update Id</DisplayName>
          <IsPrimaryId>true</IsPrimaryId>
        </Attribute>
        <Attribute Type="Lookup">
          <LogicalName>hso_projectid</LogicalName>
          <DisplayName>Project</DisplayName>
          <RequiredLevel>ApplicationRequired</RequiredLevel>
          <Targets>hso_project</Targets>
        </Attribute>
        <Attribute Type="DateTime">
          <LogicalName>hso_periodstart</LogicalName>
          <DisplayName>Period Start</DisplayName>
          <DateTimeBehavior>UserLocal</DateTimeBehavior>
        </Attribute>
        <Attribute Type="DateTime">
          <LogicalName>hso_periodend</LogicalName>
          <DisplayName>Period End</DisplayName>
          <DateTimeBehavior>UserLocal</DateTimeBehavior>
        </Attribute>
        <Attribute Type="Decimal">
          <LogicalName>hso_percentcomplete</LogicalName>
          <DisplayName>Percent Complete</DisplayName>
          <Precision>2</Precision>
        </Attribute>
        <Attribute Type="Picklist">
          <LogicalName>hso_health</LogicalName>
          <DisplayName>Health</DisplayName>
          <OptionSet>
            <Option Value="100000000">Green</Option>
            <Option Value="100000001">Yellow</Option>
            <Option Value="100000002">Red</Option>
          </OptionSet>
        </Attribute>
        <Attribute Type="Memo">
          <LogicalName>hso_notes</LogicalName>
          <DisplayName>Notes</DisplayName>
          <MaxLength>4000</MaxLength>
        </Attribute>
        <Attribute Type="Boolean">
          <LogicalName>hso_needsapproval</LogicalName>
          <DisplayName>Needs Approval</DisplayName>
        </Attribute>
      </Attributes>
    </Entity>
    <Entity>
      <MetadataId>{1a2b3c4d-5e6f-4789-8abc-5d6e7f8091a2}</MetadataId>
      <LogicalName>hso_attachment</LogicalName>
      <DisplayName>Attachment</DisplayName>
      <PluralName>Attachments</PluralName>
      <SchemaName>hso_attachment</SchemaName>
      <ObjectTypeCode>10007</ObjectTypeCode>
      <OwnershipType>UserOwned</OwnershipType>
      <Attributes>
        <Attribute Type="Uniqueidentifier">
          <LogicalName>hso_attachmentid</LogicalName>
          <DisplayName>Attachment Id</DisplayName>
          <IsPrimaryId>true</IsPrimaryId>
        </Attribute>
        <Attribute Type="Uniqueidentifier">
          <LogicalName>hso_parentrecordid</LogicalName>
          <DisplayName>Parent Record Id</DisplayName>
        </Attribute>
        <Attribute Type="String">
          <LogicalName>hso_parententity</LogicalName>
          <DisplayName>Parent Entity</DisplayName>
          <MaxLength>100</MaxLength>
        </Attribute>
        <Attribute Type="String">
          <LogicalName>hso_filename</LogicalName>
          <DisplayName>File Name</DisplayName>
          <MaxLength>260</MaxLength>
        </Attribute>
        <Attribute Type="Integer">
          <LogicalName>hso_filesize</LogicalName>
          <DisplayName>File Size</DisplayName>
        </Attribute>
        <Attribute Type="String">
          <LogicalName>hso_fileurl</LogicalName>
          <DisplayName>File Url</DisplayName>
          <MaxLength>2000</MaxLength>
        </Attribute>
      </Attributes>
    </Entity>
  </Entities>
  <Relationships />
  <OptionSets />
  <Forms />
  <Views />
</ImportExportXml>
