<?xml version="1.0" encoding="utf-8"?>
<ImportExportXml>
  <Entities>
    <!-- Project entity -->
    <Entity>
      <MetadataId>{f13a7b8e-1c8d-4d3d-9a2b-0a1f2c3b4d5e}</MetadataId>
      <SchemaName>new_project</SchemaName>
      <DisplayName>
        <LocalizedLabels>
          <LocalizedLabel description="Project" languagecode="1033" />
        </LocalizedLabels>
      </DisplayName>
      <Attributes>
        <Attribute>
          <SchemaName>new_projectid</SchemaName>
          <DisplayName>
            <LocalizedLabels>
              <LocalizedLabel description="Project Id" languagecode="1033" />
            </LocalizedLabels>
          </DisplayName>
          <AttributeType>Uniqueidentifier</AttributeType>
          <IsPrimaryId>true</IsPrimaryId>
        </Attribute>
        <Attribute>
          <SchemaName>new_name</SchemaName>
          <DisplayName>
            <LocalizedLabels>
              <LocalizedLabel description="Name" languagecode="1033" />
            </LocalizedLabels>
          </DisplayName>
          <AttributeType>String</AttributeType>
          <MaxLength>200</MaxLength>
        </Attribute>
        <Attribute>
          <SchemaName>new_projectnumber</SchemaName>
          <DisplayName>
            <LocalizedLabels>
              <LocalizedLabel description="Project Number" languagecode="1033" />
            </LocalizedLabels>
          </DisplayName>
          <AttributeType>String</AttributeType>
          <MaxLength>50</MaxLength>
        </Attribute>
        <Attribute>
          <SchemaName>new_startdate</SchemaName>
          <DisplayName>
            <LocalizedLabels>
              <LocalizedLabel description="Start Date" languagecode="1033" />
            </LocalizedLabels>
          </DisplayName>
          <AttributeType>DateTime</AttributeType>
        </Attribute>
        <Attribute>
          <SchemaName>new_enddate</SchemaName>
          <DisplayName>
            <LocalizedLabels>
              <LocalizedLabel description="End Date" languagecode="1033" />
            </LocalizedLabels>
          </DisplayName>
          <AttributeType>DateTime</AttributeType>
        </Attribute>
      </Attributes>
    </Entity>

    <!-- Task entity -->
    <Entity>
      <MetadataId>{a2b3c4d5-e6f7-4812-9abc-0d1e2f3a4b5c}</MetadataId>
      <SchemaName>new_task</SchemaName>
      <DisplayName>
        <LocalizedLabels>
          <LocalizedLabel description="Task" languagecode="1033" />
        </LocalizedLabels>
      </DisplayName>
      <Attributes>
        <Attribute>
          <SchemaName>new_taskid</SchemaName>
          <DisplayName>
            <LocalizedLabels>
              <LocalizedLabel description="Task Id" languagecode="1033" />
            </LocalizedLabels>
          </DisplayName>
          <AttributeType>Uniqueidentifier</AttributeType>
          <IsPrimaryId>true</IsPrimaryId>
        </Attribute>
        <Attribute>
          <SchemaName>new_title</SchemaName>
          <DisplayName>
            <LocalizedLabels>
              <LocalizedLabel description="Title" languagecode="1033" />
            </LocalizedLabels>
          </DisplayName>
          <AttributeType>String</AttributeType>
          <MaxLength>250</MaxLength>
        </Attribute>
        <Attribute>
          <SchemaName>new_projectid</SchemaName>
          <DisplayName>
            <LocalizedLabels>
              <LocalizedLabel description="Project" languagecode="1033" />
            </LocalizedLabels>
          </DisplayName>
          <AttributeType>Lookup</AttributeType>
          <Targets>
            <Target>new_project</Target>
          </Targets>
        </Attribute>
      </Attributes>
    </Entity>

    <!-- Milestone entity -->
    <Entity>
      <MetadataId>{b4c3d2e1-f0a9-482a-8c7b-1e2d3c4b5a6f}</MetadataId>
      <SchemaName>new_milestone</SchemaName>
      <DisplayName>
        <LocalizedLabels>
          <LocalizedLabel description="Milestone" languagecode="1033" />
        </LocalizedLabels>
      </DisplayName>
      <Attributes>
        <Attribute>
          <SchemaName>new_milestoneid</SchemaName>
          <DisplayName>
            <LocalizedLabels>
              <LocalizedLabel description="Milestone Id" languagecode="1033" />
            </LocalizedLabels>
          </DisplayName>
          <AttributeType>Uniqueidentifier</AttributeType>
          <IsPrimaryId>true</IsPrimaryId>
        </Attribute>
        <Attribute>
          <SchemaName>new_duedate</SchemaName>
          <DisplayName>
            <LocalizedLabels>
              <LocalizedLabel description="Due Date" languagecode="1033" />
            </LocalizedLabels>
          </DisplayName>
          <AttributeType>DateTime</AttributeType>
        </Attribute>
      </Attributes>
    </Entity>

    <!-- TimeEntry entity -->
    <Entity>
      <MetadataId>{c5d6e7f8-1234-4abc-9def-0a1b2c3d4e5f}</MetadataId>
      <SchemaName>new_timeentry</SchemaName>
      <DisplayName>
        <LocalizedLabels>
          <LocalizedLabel description="Time Entry" languagecode="1033" />
        </LocalizedLabels>
      </DisplayName>
      <Attributes>
        <Attribute>
          <SchemaName>new_timeentryid</SchemaName>
          <DisplayName>
            <LocalizedLabels>
              <LocalizedLabel description="Time Entry Id" languagecode="1033" />
            </LocalizedLabels>
          </DisplayName>
          <AttributeType>Uniqueidentifier</AttributeType>
          <IsPrimaryId>true</IsPrimaryId>
        </Attribute>
        <Attribute>
          <SchemaName>new_hours</SchemaName>
          <DisplayName>
            <LocalizedLabels>
              <LocalizedLabel description="Hours" languagecode="1033" />
            </LocalizedLabels>
          </DisplayName>
          <AttributeType>Decimal</AttributeType>
          <Precision>2</Precision>
        </Attribute>
      </Attributes>
    </Entity>

    <!-- Cost entity -->
    <Entity>
      <MetadataId>{d6e7f812-3456-4bcd-8ef0-1a2b3c4d5e6f}</MetadataId>
      <SchemaName>new_cost</SchemaName>
      <DisplayName>
        <LocalizedLabels>
          <LocalizedLabel description="Cost" languagecode="1033" />
        </LocalizedLabels>
      </DisplayName>
      <Attributes>
        <Attribute>
          <SchemaName>new_costid</SchemaName>
          <DisplayName>
            <LocalizedLabels>
              <LocalizedLabel description="Cost Id" languagecode="1033" />
            </LocalizedLabels>
          </DisplayName>
          <AttributeType>Uniqueidentifier</AttributeType>
          <IsPrimaryId>true</IsPrimaryId>
        </Attribute>
        <Attribute>
          <SchemaName>new_amount</SchemaName>
          <DisplayName>
            <LocalizedLabels>
              <LocalizedLabel description="Amount" languagecode="1033" />
            </LocalizedLabels>
          </DisplayName>
          <AttributeType>Money</AttributeType>
          <Precision>2</Precision>
        </Attribute>
      </Attributes>
    </Entity>

    <!-- Budget entity -->
    <Entity>
      <MetadataId>{e7f81234-5678-4cde-9f01-2b3c4d5e6f70}</MetadataId>
      <SchemaName>new_budget</SchemaName>
      <DisplayName>
        <LocalizedLabels>
          <LocalizedLabel description="Budget" languagecode="1033" />
        </LocalizedLabels>
      </DisplayName>
      <Attributes>
        <Attribute>
          <SchemaName>new_budgetid</SchemaName>
          <DisplayName>
            <LocalizedLabels>
              <LocalizedLabel description="Budget Id" languagecode="1033" />
            </LocalizedLabels>
          </DisplayName>
          <AttributeType>Uniqueidentifier</AttributeType>
          <IsPrimaryId>true</IsPrimaryId>
        </Attribute>
        <Attribute>
          <SchemaName>new_amount</SchemaName>
          <DisplayName>
            <LocalizedLabels>
              <LocalizedLabel description="Amount" languagecode="1033" />
            </LocalizedLabels>
          </DisplayName>
          <AttributeType>Money</AttributeType>
          <Precision>2</Precision>
        </Attribute>
      </Attributes>
    </Entity>

    <!-- Risk entity -->
    <Entity>
      <MetadataId>{f8123456-7890-4def-8abc-3c4d5e6f7081}</MetadataId>
      <SchemaName>new_risk</SchemaName>
      <DisplayName>
        <LocalizedLabels>
          <LocalizedLabel description="Risk / Issue" languagecode="1033" />
        </LocalizedLabels>
      </DisplayName>
      <Attributes>
        <Attribute>
          <SchemaName>new_riskid</SchemaName>
          <DisplayName>
            <LocalizedLabels>
              <LocalizedLabel description="Risk Id" languagecode="1033" />
            </LocalizedLabels>
          </DisplayName>
          <AttributeType>Uniqueidentifier</AttributeType>
          <IsPrimaryId>true</IsPrimaryId>
        </Attribute>
        <Attribute>
          <SchemaName>new_severity</SchemaName>
          <DisplayName>
            <LocalizedLabels>
              <LocalizedLabel description="Severity" languagecode="1033" />
            </LocalizedLabels>
          </DisplayName>
          <AttributeType>Picklist</AttributeType>
        </Attribute>
      </Attributes>
    </Entity>

    <!-- StatusUpdate entity -->
    <Entity>
      <MetadataId>{089abcdef-0123-4abc-9def-4d5e6f708192}</MetadataId>
      <SchemaName>new_statusupdate</SchemaName>
      <DisplayName>
        <LocalizedLabels>
          <LocalizedLabel description="Status Update" languagecode="1033" />
        </LocalizedLabels>
      </DisplayName>
      <Attributes>
        <Attribute>
          <SchemaName>new_statusupdateid</SchemaName>
          <DisplayName>
            <LocalizedLabels>
              <LocalizedLabel description="Status Update Id" languagecode="1033" />
            </LocalizedLabels>
          </DisplayName>
          <AttributeType>Uniqueidentifier</AttributeType>
          <IsPrimaryId>true</IsPrimaryId>
        </Attribute>
        <Attribute>
          <SchemaName>new_percentcomplete</SchemaName>
          <DisplayName>
            <LocalizedLabels>
              <LocalizedLabel description="Percent Complete" languagecode="1033" />
            </LocalizedLabels>
          </DisplayName>
          <AttributeType>Decimal</AttributeType>
          <Precision>2</Precision>
        </Attribute>
      </Attributes>
    </Entity>

    <!-- Attachment metadata entity -->
    <Entity>
      <MetadataId>{1a2b3c4d-5e6f-4789-8abc-5d6e7f8091a2}</MetadataId>
      <SchemaName>new_attachment</SchemaName>
      <DisplayName>
        <LocalizedLabels>
          <LocalizedLabel description="Attachment" languagecode="1033" />
        </LocalizedLabels>
      </DisplayName>
      <Attributes>
        <Attribute>
          <SchemaName>new_attachmentid</SchemaName>
          <DisplayName>
            <LocalizedLabels>
              <LocalizedLabel description="Attachment Id" languagecode="1033" />
            </LocalizedLabels>
          </DisplayName>
          <AttributeType>Uniqueidentifier</AttributeType>
          <IsPrimaryId>true</IsPrimaryId>
        </Attribute>
        <Attribute>
          <SchemaName>new_filename</SchemaName>
          <DisplayName>
            <LocalizedLabels>
              <LocalizedLabel description="File Name" languagecode="1033" />
            </LocalizedLabels>
          </DisplayName>
          <AttributeType>String</AttributeType>
          <MaxLength>260</MaxLength>
        </Attribute>
        <Attribute>
          <SchemaName>new_fileurl</SchemaName>
          <DisplayName>
            <LocalizedLabels>
              <LocalizedLabel description="File Url" languagecode="1033" />
            </LocalizedLabels>
          </DisplayName>
          <AttributeType>String</AttributeType>
          <MaxLength>2000</MaxLength>
        </Attribute>
      </Attributes>
    </Entity>

  </Entities>

  <Relationships />
  <OptionSets />
  <Forms />
  <Views />
  <Charts />
  <SdkMessageProcessingSteps />
</ImportExportXml>