<?xml version="1.0" encoding="utf-8"?>
<SolutionManifest>
  <UniqueName>mquattlebaumhso_projectreporting</UniqueName>
  <Version>1.0.0.0</Version>
  <PublisherUniqueName>mquattlebaumhso</PublisherUniqueName>
  <FriendlyName>Project Reporting - Unmanaged</FriendlyName>
  <Description>Unmanaged solution export containing core entities for project reporting</Description>
  <SolutionType>Unmanaged</SolutionType>
  <CreatedBy>projectreporting-tool</CreatedBy>
  <CreatedOn>2026-02-06T00:00:00Z</CreatedOn>
</SolutionManifest>